"Sessao","Queries"
"svpn_04.pcapng","326"
"svpn_05.pcapng","339"
"svpn_06.pcapng","350"
"svpn_07.pcapng","333"
"svpn_08.pcapng","342"
"svpn_09.pcapng","340"
"svpn_10.pcapng","333"
"svpn_11.pcapng","344"
"svpn_12.pcapng","353"
"svpn_13.pcapng","333"
"svpn_14.pcapng","346"
"svpn_15.pcapng","337"
"svpn_16.pcapng","344"
"svpn_17.pcapng","297"
"svpn_18.pcapng","330"
"svpn_19.pcapng","341"
"svpn_20.pcapng","334"
"svpn_21.pcapng","340"
"svpn_22.pcapng","350"
"svpn_23.pcapng","344"
"svpn_24.pcapng","345"
"svpn_25.pcapng","342"
"svpn_26.pcapng","353"
"svpn_27.pcapng","344"
"svpn_28.pcapng","341"
"svpn_29.pcapng","320"
"svpn_30.pcapng","345"
"svpn_31.pcapng","340"
"svpn_32.pcapng","355"
"svpn_33.pcapng","347"
